{
  "info": {
    "name": "2gunta Recruitment ATS - API",
    "description": "REST API for 2gunta Recruitment and Applicant Tracking System WordPress Plugin",
    "version": "1.0.0",
    "contact": {
      "name": "2gunta Support",
      "email": "support@2gunta.com"
    },
    "license": {
      "name": "GPL v2"
    }
  },
  "item": [
    {
      "name": "Jobs",
      "item": [
        {
          "name": "List All Jobs",
          "request": {
            "method": "GET",
            "header": [
              {
                "key": "Content-Type",
                "value": "application/json",
                "type": "text"
              }
            ],
            "url": {
              "raw": "{{baseUrl}}/wp-json/2gunta-recruitment/v1/jobs?per_page=10&page=1",
              "protocol": "https",
              "host": [
                "{{domain}}"
              ],
              "path": [
                "wp-json",
                "2gunta-recruitment",
                "v1",
                "jobs"
              ],
              "query": [
                {
                  "key": "per_page",
                  "value": "10",
                  "description": "Number of jobs per page (default: 10)"
                },
                {
                  "key": "page",
                  "value": "1",
                  "description": "Page number (default: 1)"
                }
              ]
            },
            "description": "Retrieve a list of all published jobs with pagination support"
          },
          "response": [
            {
              "name": "Success Response",
              "originalRequest": {
                "method": "GET",
                "header": [],
                "url": {
                  "raw": "{{baseUrl}}/wp-json/2gunta-recruitment/v1/jobs",
                  "protocol": "https",
                  "host": [
                    "{{domain}}"
                  ],
                  "path": [
                    "wp-json",
                    "2gunta-recruitment",
                    "v1",
                    "jobs"
                  ]
                }
              },
              "status": "OK",
              "code": 200,
              "header": [
                {
                  "key": "Content-Type",
                  "value": "application/json"
                }
              ],
              "body": "{\n  \"success\": true,\n  \"data\": [\n    {\n      \"id\": 123,\n      \"title\": \"Senior PHP Developer\",\n      \"content\": \"We are looking for an experienced PHP developer...\",\n      \"excerpt\": \"Join our team as a Senior PHP Developer\",\n      \"author\": 1,\n      \"date\": \"2024-01-15T10:00:00\",\n      \"link\": \"https://example.com/jobs/senior-php-developer/\",\n      \"featured_image\": \"https://example.com/wp-content/uploads/2024/01/job.jpg\",\n      \"meta\": {\n        \"location\": \"New York, NY\",\n        \"salary_min\": 80000,\n        \"salary_max\": 120000,\n        \"job_type\": \"Full-time\"\n      },\n      \"categories\": [\n        {\n          \"id\": 5,\n          \"name\": \"Engineering\",\n          \"slug\": \"engineering\"\n        }\n      ]\n    }\n  ],\n  \"pagination\": {\n    \"total\": 15,\n    \"pages\": 2,\n    \"per_page\": 10,\n    \"current_page\": 1\n  }\n}\n"
            }
          ]
        },
        {
          "name": "Get Single Job",
          "request": {
            "method": "GET",
            "header": [
              {
                "key": "Content-Type",
                "value": "application/json",
                "type": "text"
              }
            ],
            "url": {
              "raw": "{{baseUrl}}/wp-json/2gunta-recruitment/v1/jobs/123",
              "protocol": "https",
              "host": [
                "{{domain}}"
              ],
              "path": [
                "wp-json",
                "2gunta-recruitment",
                "v1",
                "jobs",
                "123"
              ]
            },
            "description": "Retrieve details of a specific job by ID"
          },
          "response": [
            {
              "name": "Success Response",
              "originalRequest": {
                "method": "GET",
                "header": [],
                "url": {
                  "raw": "{{baseUrl}}/wp-json/2gunta-recruitment/v1/jobs/123",
                  "protocol": "https",
                  "host": [
                    "{{domain}}"
                  ],
                  "path": [
                    "wp-json",
                    "2gunta-recruitment",
                    "v1",
                    "jobs",
                    "123"
                  ]
                }
              },
              "status": "OK",
              "code": 200,
              "header": [
                {
                  "key": "Content-Type",
                  "value": "application/json"
                }
              ],
              "body": "{\n  \"success\": true,\n  \"data\": {\n    \"id\": 123,\n    \"title\": \"Senior PHP Developer\",\n    \"content\": \"<p>We are looking for an experienced PHP developer with expertise in WordPress...</p>\",\n    \"excerpt\": \"Join our team as a Senior PHP Developer\",\n    \"author\": 1,\n    \"date\": \"2024-01-15T10:00:00\",\n    \"link\": \"https://example.com/jobs/senior-php-developer/\",\n    \"featured_image\": \"https://example.com/wp-content/uploads/2024/01/job.jpg\",\n    \"meta\": {\n      \"location\": \"New York, NY\",\n      \"salary_min\": 80000,\n      \"salary_max\": 120000,\n      \"job_type\": \"Full-time\"\n    },\n    \"categories\": [\n      {\n        \"id\": 5,\n        \"name\": \"Engineering\",\n        \"slug\": \"engineering\"\n      }\n    ],\n    \"application_count\": 12\n  }\n}\n"
            },
            {
              "name": "Not Found",
              "originalRequest": {
                "method": "GET",
                "header": [],
                "url": {
                  "raw": "{{baseUrl}}/wp-json/2gunta-recruitment/v1/jobs/999",
                  "protocol": "https",
                  "host": [
                    "{{domain}}"
                  ],
                  "path": [
                    "wp-json",
                    "2gunta-recruitment",
                    "v1",
                    "jobs",
                    "999"
                  ]
                }
              },
              "status": "Not Found",
              "code": 404,
              "header": [
                {
                  "key": "Content-Type",
                  "value": "application/json"
                }
              ],
              "body": "{\n  \"success\": false,\n  \"message\": \"Job not found\"\n}\n"
            }
          ]
        }
      ]
    },
    {
      "name": "Applications",
      "item": [
        {
          "name": "Submit Application",
          "request": {
            "method": "POST",
            "header": [
              {
                "key": "Content-Type",
                "value": "application/json",
                "type": "text"
              }
            ],
            "body": {
              "mode": "raw",
              "raw": "{\n  \"job_id\": 123,\n  \"first_name\": \"John\",\n  \"last_name\": \"Doe\",\n  \"email\": \"john.doe@example.com\",\n  \"phone\": \"+1-555-0100\",\n  \"location\": \"Los Angeles, CA\",\n  \"experience_years\": 5,\n  \"cover_letter\": \"I am very interested in this position...\",\n  \"resume_url\": \"https://example.com/john-doe-resume.pdf\",\n  \"gdpr_consent\": true\n}"
            },
            "url": {
              "raw": "{{baseUrl}}/wp-json/2gunta-recruitment/v1/apply",
              "protocol": "https",
              "host": [
                "{{domain}}"
              ],
              "path": [
                "wp-json",
                "2gunta-recruitment",
                "v1",
                "apply"
              ]
            },
            "description": "Submit a new job application"
          },
          "response": [
            {
              "name": "Success Response",
              "originalRequest": {
                "method": "POST",
                "header": [],
                "body": {
                  "mode": "raw",
                  "raw": "{\n  \"job_id\": 123,\n  \"first_name\": \"John\",\n  \"last_name\": \"Doe\",\n  \"email\": \"john.doe@example.com\",\n  \"phone\": \"+1-555-0100\"\n}"
                },
                "url": {
                  "raw": "{{baseUrl}}/wp-json/2gunta-recruitment/v1/apply",
                  "protocol": "https",
                  "host": [
                    "{{domain}}"
                  ],
                  "path": [
                    "wp-json",
                    "2gunta-recruitment",
                    "v1",
                    "apply"
                  ]
                }
              },
              "status": "Created",
              "code": 201,
              "header": [
                {
                  "key": "Content-Type",
                  "value": "application/json"
                }
              ],
              "body": "{\n  \"success\": true,\n  \"message\": \"Application submitted successfully\",\n  \"data\": {\n    \"application_id\": 456,\n    \"candidate_id\": 789,\n    \"job_id\": 123,\n    \"status\": \"new\",\n    \"submitted_at\": \"2024-01-15T14:30:00Z\",\n    \"confirmation_email_sent\": true\n  }\n}\n"
            },
            {
              "name": "Validation Error",
              "originalRequest": {
                "method": "POST",
                "header": [],
                "body": {
                  "mode": "raw",
                  "raw": "{\n  \"job_id\": 123,\n  \"first_name\": \"John\"\n}"
                },
                "url": {
                  "raw": "{{baseUrl}}/wp-json/2gunta-recruitment/v1/apply",
                  "protocol": "https",
                  "host": [
                    "{{domain}}"
                  ],
                  "path": [
                    "wp-json",
                    "2gunta-recruitment",
                    "v1",
                    "apply"
                  ]
                }
              },
              "status": "Bad Request",
              "code": 400,
              "header": [
                {
                  "key": "Content-Type",
                  "value": "application/json"
                }
              ],
              "body": "{\n  \"success\": false,\n  \"message\": \"Missing required fields: last_name, email\",\n  \"errors\": {\n    \"last_name\": \"Last name is required\",\n    \"email\": \"Email is required\"\n  }\n}\n"
            }
          ]
        }
      ]
    },
    {
      "name": "Candidates (Admin)",
      "item": [
        {
          "name": "List All Candidates",
          "request": {
            "method": "GET",
            "header": [
              {
                "key": "Authorization",
                "value": "Bearer {{admin_token}}",
                "type": "text",
                "description": "Admin authentication token"
              },
              {
                "key": "Content-Type",
                "value": "application/json",
                "type": "text"
              }
            ],
            "url": {
              "raw": "{{baseUrl}}/wp-json/2gunta-recruitment/v1/candidates?per_page=20&page=1",
              "protocol": "https",
              "host": [
                "{{domain}}"
              ],
              "path": [
                "wp-json",
                "2gunta-recruitment",
                "v1",
                "candidates"
              ],
              "query": [
                {
                  "key": "per_page",
                  "value": "20",
                  "description": "Number of candidates per page"
                },
                {
                  "key": "page",
                  "value": "1",
                  "description": "Page number"
                }
              ]
            },
            "description": "Retrieve list of all candidates (admin only - requires manage_options capability)"
          },
          "response": [
            {
              "name": "Success Response",
              "originalRequest": {
                "method": "GET",
                "header": [],
                "url": {
                  "raw": "{{baseUrl}}/wp-json/2gunta-recruitment/v1/candidates",
                  "protocol": "https",
                  "host": [
                    "{{domain}}"
                  ],
                  "path": [
                    "wp-json",
                    "2gunta-recruitment",
                    "v1",
                    "candidates"
                  ]
                }
              },
              "status": "OK",
              "code": 200,
              "header": [
                {
                  "key": "Content-Type",
                  "value": "application/json"
                }
              ],
              "body": "{\n  \"success\": true,\n  \"data\": [\n    {\n      \"id\": 789,\n      \"first_name\": \"John\",\n      \"last_name\": \"Doe\",\n      \"email\": \"john.doe@example.com\",\n      \"phone\": \"+1-555-0100\",\n      \"location\": \"Los Angeles, CA\",\n      \"experience_years\": 5,\n      \"skills\": \"PHP, Laravel, WordPress, MySQL\",\n      \"portfolio_url\": \"https://johndoe.portfolio.com\",\n      \"rating\": 4.5,\n      \"applications_count\": 2,\n      \"created_at\": \"2024-01-10T12:00:00Z\",\n      \"updated_at\": \"2024-01-15T14:30:00Z\"\n    },\n    {\n      \"id\": 790,\n      \"first_name\": \"Jane\",\n      \"last_name\": \"Smith\",\n      \"email\": \"jane.smith@example.com\",\n      \"phone\": \"+1-555-0101\",\n      \"location\": \"New York, NY\",\n      \"experience_years\": 7,\n      \"skills\": \"React, JavaScript, UI/UX Design\",\n      \"portfolio_url\": \"https://janesmith.portfolio.com\",\n      \"rating\": 5,\n      \"applications_count\": 3,\n      \"created_at\": \"2024-01-12T14:20:00Z\",\n      \"updated_at\": \"2024-01-15T10:00:00Z\"\n    }\n  ],\n  \"pagination\": {\n    \"total\": 45,\n    \"pages\": 3,\n    \"per_page\": 20,\n    \"current_page\": 1\n  }\n}\n"
            },
            {
              "name": "Unauthorized",
              "originalRequest": {
                "method": "GET",
                "header": [],
                "url": {
                  "raw": "{{baseUrl}}/wp-json/2gunta-recruitment/v1/candidates",
                  "protocol": "https",
                  "host": [
                    "{{domain}}"
                  ],
                  "path": [
                    "wp-json",
                    "2gunta-recruitment",
                    "v1",
                    "candidates"
                  ]
                }
              },
              "status": "Forbidden",
              "code": 403,
              "header": [
                {
                  "key": "Content-Type",
                  "value": "application/json"
                }
              ],
              "body": "{\n  \"success\": false,\n  \"message\": \"You do not have permission to access this resource\"\n}\n"
            }
          ]
        }
      ]
    }
  ],
  "variable": [
    {
      "id": "baseUrl",
      "key": "baseUrl",
      "value": "https://{{domain}}"
    },
    {
      "id": "domain",
      "key": "domain",
      "value": "example.com",
      "description": "Your WordPress website domain"
    },
    {
      "id": "admin_token",
      "key": "admin_token",
      "value": "",
      "description": "WordPress admin session token (obtained via wp-json/wp/v2/users/me for authenticated users)"
    }
  ]
}
